CONAME,DIST,DISTNAME,salary_2018,salary_2017,salary_2016
Bergen,3710,Northern Valley Regional,"$108,867 ","$105,650","$95,418"
Middlesex,1290,Edison Township,"$96,650 ","$92,432","$92,194"
Atlantic,110,Atlantic City,"$96,488 ","$88,318","$94,135"
Passaic,3995,Passaic County Vocational,"$95,549 ","$95,303","$89,522"
Atlantic,3020,Margate City,"$93,275 ","$91,045","$89,766"
Atlantic,570,Brigantine City,"$91,899 ","$89,900","$84,212"
Mercer,3103,Mercer Co Special Service,"$89,925 ","$88,275","$85,175"
Cape May,3780,Ocean City,"$89,898 ","$89,036","$88,354"
Essex,1210,East Orange,"$89,853 ","$71,673","$71,673"
Bergen,1230,East Rutherford Borough,"$89,662 ","$82,480","$90,600"
Bergen,3960,Pascack Valley Regional,"$89,250 ","$89,000","$89,213"
Cape May,5060,Stone Harbor Borough,"$88,616 ","$75,084","$86,776"
Bergen,1860,Hackensack City,"$88,610 ","$89,603","$82,675"
Essex,5680,West Orange Town,"$88,579 ","$78,694","$80,897"
Sussex,5435,Wallkill Valley Regional,"$88,003 ","$88,355","$88,100"
Atlantic,5350,Ventnor City,"$87,950 ","$86,950","$82,196"
Atlantic,2910,Mainland Regional,"$87,851 ","$87,203","$86,230"
Bergen,930,Closter Borough,"$87,760 ","$84,635","$87,377"
Sussex,2165,High Point Regional,"$87,639 ","$86,681","$83,537"
Bergen,745,Carlstadt-East Rutherford,"$87,502 ","$74,354","$83,874"
Burlington,4050,Pemberton Township,"$86,119 ","$84,867","$83,800"
Essex,3190,Millburn Township,"$85,868 ","$88,050","$85,550"
Monmouth,1650,Freehold Regional,"$85,347 ","$84,075","$83,325"
Atlantic,125,Atlantic Co Special Serv,"$85,326 ","$84,226","$83,226"
Essex,2730,Livingston Township,"$85,235 ","$82,857","$78,880"
Morris,3460,Mountain Lakes Borough,"$84,692 ","$83,192","$80,442"
Bergen,4430,River Vale Township,"$83,980 ","$78,248","$78,270"
Cape May,2820,Lower Cape May Regional,"$83,928 ","$81,354","$78,785"
Sussex,2240,Hopatcong,"$83,685 ","$81,935","$72,485"
Hudson,7830,Soaring Heights,"$83,460 ","$72,460","$55,900"
Bergen,4390,Ridgewood Village,"$83,425 ","$75,903","$78,318"
Cape May,170,Avalon Borough,"$83,246 ","$82,686","$77,676"
Sussex,2465,Kittatinny Regional,"$83,040 ","$84,540","$80,370"
Bergen,5150,Teaneck Township,"$83,000 ","$80,000","$81,583"
Atlantic,590,Buena Regional,"$82,896 ","$81,696","$80,496"
Bergen,4310,Ramsey Borough,"$82,655 ","$75,490","$75,490"
Bergen,3850,Old Tappan Borough,"$82,605 ","$82,190","$75,848"
Morris,2460,Kinnelon Borough,"$82,527 ","$75,655","$75,655"
Bergen,3700,Northern Highlands Reg,"$82,445 ","$79,955","$76,643"
Mercer,2280,Hopewell Valley Regional,"$82,152 ","$79,216","$75,717"
Morris,3370,Morris Hills Regional,"$82,140 ","$82,140","$82,030"
Bergen,290,Bergen County Vocational,"$81,938 ","$81,036","$80,709"
Bergen,4470,Rochelle Park Township,"$81,690 ","$80,520","$81,860"
Mercer,4255,Princeton,"$81,583 ","$78,923","$79,471"
Bergen,2200,Ho Ho Kus Borough,"$81,537 ","$78,901","$75,265"
Bergen,4405,River Dell Regional,"$81,514 ","$88,096","$84,103"
Atlantic,1690,Galloway Township,"$80,910 ","$79,710","$68,623"
Union,1320,Elizabeth City,"$80,902 ","$78,348","$75,410"
Burlington,2610,Lenape Regional,"$80,717 ","$79,683","$76,954"
Bergen,4380,Ridgefield Park Township,"$80,384 ","$78,309","$72,691"
Ocean,4950,Southern Regional,"$80,342 ","$79,843","$77,651"
Somerset,5550,Watchung Hills Regional,"$79,270 ","$73,693","$72,165"
Sussex,5360,Vernon Township,"$79,135 ","$79,135","$78,090"
Sussex,4960,Sparta Township,"$79,115 ","$77,820","$73,513"
Camden,1255,Eastern Camden County Reg,"$78,895 ","$75,940","$73,851"
Bergen,285,Bergen Co Special Service,"$78,852 ","$79,050","$78,457"
Union,5730,Westfield Town,"$78,488 ","$76,227","$74,605"
Monmouth,2230,Holmdel Township,"$78,000 ","$73,500","$77,700"
Passaic,4230,Pompton Lakes Borough,"$77,911 ","$74,063","$72,869"
Middlesex,4860,South Brunswick Township,"$77,892 ","$73,672","$72,330"
Camden,5820,Winslow Township,"$77,858 ","$68,550","$71,850"
Hunterdon,5180,Tewksbury Township,"$77,823 ","$74,039","$70,073"
Gloucester,1715,Gateway Regional,"$77,814 ","$79,826","$76,076"
Somerset,5470,Warren Township,"$77,725 ","$72,744","$72,140"
Atlantic,10,Absecon City,"$77,716 ","$69,986","$65,453"
Warren,5465,Warren Hills Regional,"$77,521 ","$76,127","$76,097"
Bergen,990,Cresskill Borough,"$77,350 ","$74,345","$70,070"
Cumberland,2270,Hopewell Township,"$77,057 ","$77,057","$73,881"
Passaic,3990,Passaic Valley Regional,"$77,000 ","$75,900","$75,000"
Sussex,1800,Green Township,"$76,594 ","$72,885","$72,885"
Gloucester,4940,Delsea Regional H.S Dist.,"$76,580 ","$75,682","$75,682"
Hudson,2060,Harrison Town,"$76,480 ","$79,059","$72,002"
Burlington,3080,Medford Township,"$76,457 ","$72,915","$70,384"
Mercer,5715,W Windsor-Plainsboro Reg,"$76,350 ","$77,500","$79,850"
Bergen,40,Allendale Borough,"$76,235 ","$76,273","$75,030"
Mercer,5210,Trenton City,"$76,195 ","$74,353","$73,065"
Union,310,Berkeley Heights Township,"$76,154 ","$72,918","$71,324"
Bergen,5160,Tenafly Borough,"$76,074 ","$73,340","$67,615"
Hudson,2390,Jersey City,"$75,760 ","$74,660","$72,960"
Monmouth,100,Asbury Park City,"$75,650 ","$74,620","$71,725"
Passaic,2510,Lakeland Regional,"$75,649 ","$74,849","$68,615"
Hunterdon,5270,Union Township,"$75,549 ","$69,345","$70,633"
Passaic,5570,Wayne Township,"$75,400 ","$73,000","$70,480"
Camden,2890,Magnolia Borough,"$75,255 ","$73,043","$69,748"
Gloucester,5620,West Deptford Township,"$75,226 ","$70,694","$73,299"
Passaic,3980,Passaic Co Manchester Reg,"$75,220 ","$68,704","$71,904"
Middlesex,5850,Woodbridge Township,"$74,897 ","$73,020","$72,726"
Cape May,5790,Wildwood City,"$74,882 ","$73,212","$70,724"
Somerset,2170,Hillsborough Township,"$74,855 ","$70,875","$70,785"
Burlington,3360,Moorestown Township,"$74,786 ","$70,743","$62,450"
Passaic,5650,West Milford Township,"$74,750 ","$72,200","$68,920"
Middlesex,4130,Piscataway Township,"$74,740 ","$76,820","$76,215"
Bergen,4620,Saddle River Borough,"$74,718 ","$74,493","$66,054"
Monmouth,130,Atlantic Highlands Borough,"$74,589 ","$72,816","$67,880"
Bergen,1450,Fair Lawn Borough,"$74,555 ","$74,015","$74,255"
Middlesex,750,Carteret Borough,"$74,421 ","$71,018","$73,578"
Bergen,2080,Hasbrouck Heights Borough,"$74,415 ","$73,580","$65,465"
Camden,1770,Gloucester City,"$74,375 ","$64,049","$67,124"
Bergen,4370,Ridgefield Borough,"$74,365 ","$71,174","$71,601"
Somerset,3320,Montgomery Township,"$74,360 ","$72,120","$70,290"
Essex,5630,West Essex Regional,"$74,356 ","$74,932","$74,676"
Bergen,300,Bergenfield Borough,"$74,275 ","$72,735","$70,870"
Bergen,740,Carlstadt Borough,"$74,234 ","$69,802","$83,648"
Burlington,2850,Lumberton Township,"$74,201 ","$71,021","$70,250"
Essex,3310,Montclair Town,"$74,100 ","$71,164","$69,219"
Camden,4060,Pennsauken Township,"$74,087 ","$72,545","$66,949"
Essex,1750,Glen Ridge Borough,"$74,035 ","$67,988","$68,437"
Passaic,420,Bloomingdale Borough,"$74,020 ","$70,295","$69,575"
Union,4160,Plainfield City,"$73,960 ","$68,960","$71,210"
Cumberland,3230,Millville City,"$73,939 ","$69,758","$60,132"
Warren,4100,Phillipsburg Town,"$73,826 ","$78,886","$77,878"
Monmouth,945,Colts Neck Township,"$73,761 ","$69,711","$65,916"
Atlantic,1410,Estell Manor City,"$73,677 ","$73,677","$61,880"
Camden,800,Cherry Hill Township,"$73,644 ","$71,004","$62,035"
Bergen,1130,Dumont Borough,"$73,615 ","$67,965","$67,965"
Bergen,3940,Park Ridge Borough,"$73,432 ","$73,989","$72,061"
Burlington,4740,Shamong Township,"$73,412 ","$68,497","$56,896"
Monmouth,2290,Howell Township,"$73,375 ","$69,500","$67,500"
Somerset,555,Bridgewater-Raritan Reg,"$73,371 ","$72,319","$66,273"
Morris,2870,Madison Borough,"$73,321 ","$71,963","$69,425"
Essex,4900,South Orange-Maplewood,"$73,098 ","$78,213","$74,698"
Bergen,4870,South Hackensack Township,"$73,033 ",,"$71,046"
Morris,3950,Parsippany-Troy Hills Township,"$73,024 ","$71,485","$68,400"
Middlesex,3845,Old Bridge Township,"$72,923 ","$70,788","$65,651"
Morris,5660,West Morris Regional,"$72,890 ","$72,525","$67,470"
Monmouth,3160,Middletown Township,"$72,754 ","$75,640","$74,152"
Ocean,770,Central Regional,"$72,679 ","$70,186","$67,010"
Mercer,1950,Hamilton Township,"$72,666 ","$68,840","$64,794"
Hunterdon,1160,East Amwell Township,"$72,640 ","$65,465","$65,153"
Bergen,1760,Glen Rock Borough,"$72,627 ","$69,658","$66,850"
Warren,1870,Hackettstown,"$72,565 ","$69,825","$65,160"
Morris,3365,Morris County Vocational,"$72,415 ","$71,759","$69,719"
Union,2420,Kenilworth Borough,"$72,398 ","$72,866","$68,549"
Hunterdon,3660,N Hunt/Voorhees Regional,"$72,115 ","$68,345","$67,200"
Bergen,1370,Englewood City,"$72,006 ","$70,045","$67,810"
Monmouth,4760,Shore Regional,"$72,000 ","$70,000","$70,000"
Bergen,5920,Wyckoff Township,"$71,953 ","$69,331","$66,838"
Bergen,2050,Harrington Park Borough,"$71,805 ","$63,866","$63,056"
Bergen,3730,Northvale Borough,"$71,801 ","$70,257","$68,080"
Union,5000,Springfield Township,"$71,799 ","$70,379","$68,724"
Somerset,4815,Somerset Hills Regional,"$71,735 ","$69,410","$66,930"
Hudson,2210,Hoboken City,"$71,670 ","$79,077","$79,614"
Warren,2790,Lopatcong Township,"$71,618 ","$69,419","$67,002"
Burlington,4320,Rancocas Valley Regional,"$71,464 ","$69,328","$65,212"
Somerset,240,Bedminster Township,"$71,416 ","$66,610","$66,440"
Morris,4330,Randolph Township,"$71,410 ","$73,700","$71,510"
Camden,5035,Sterling High School Dist,"$71,395 ","$67,150","$62,800"
Passaic,5200,Totowa Borough,"$71,355 ","$78,077","$64,883"
Burlington,1420,Evesham Township,"$71,224 ","$66,096","$65,754"
Camden,5400,Voorhees Township,"$71,224 ","$69,637","$65,646"
Essex,250,Belleville Town,"$71,176 ","$71,217","$71,217"
Morris,1990,Hanover Park Regional,"$71,134 ","$68,636","$66,252"
Bergen,3330,Montvale Borough,"$71,110 ","$70,685","$67,572"
Bergen,3760,Oakland Borough,"$71,065 ","$70,547","$73,275"
Cape May,3680,North Wildwood City,"$70,899 ","$68,499","$66,337"
Union,3560,New Providence Borough,"$70,889 ","$69,402","$65,286"
Gloucester,4020,Paulsboro Borough,"$70,874 ","$58,150","$66,973"
Union,5290,Union Township,"$70,849 ","$71,223","$69,743"
Hudson,5240,Union City,"$70,830 ","$68,430","$66,050"
Gloucester,5500,Washington Township,"$70,818 ","$64,215","$66,275"
Monmouth,4690,Sea Girt Borough,"$70,785 ","$65,185","$60,750"
Monmouth,3030,Marlboro Township,"$70,720 ","$66,420","$69,320"
Union,4290,Rahway City,"$70,653 ","$66,760","$67,679"
Gloucester,2070,Harrison Township,"$70,625 ","$58,525","$58,525"
Middlesex,4830,South Amboy City,"$70,622 ","$75,662","$69,172"
Warren,2970,Mansfield Township,"$70,534 ","$72,314","$72,234"
Monmouth,4570,Rumson Borough,"$70,510 ","$68,370","$66,970"
Morris,3385,Morris School District,"$70,484 ","$69,172","$69,671"
Mercer,1245,East Windsor Regional,"$70,480 ","$70,654","$68,722"
Gloucester,5740,Westville Borough,"$70,470 ","$69,715","$71,065"
Morris,3100,Mendham Township,"$70,448 ","$64,620","$67,270"
Sussex,2615,Lenape Valley Regional,"$70,250 ","$70,250","$70,000"
Hudson,2410,Kearny Town,"$70,225 ","$71,225","$63,589"
Bergen,2900,Mahwah Township,"$70,199 ","$68,170","$70,340"
Essex,5370,Verona Borough,"$70,161 ","$69,527","$70,758"
Morris,3450,Mount Olive Township,"$69,976 ","$71,445","$69,926"
Morris,4080,Pequannock Township,"$69,915 ","$65,870","$66,210"
Burlington,840,Cinnaminson Township,"$69,873 ","$68,000","$67,753"
Monmouth,3810,Ocean Township,"$69,865 ","$67,365","$65,010"
Passaic,3970,Passaic City,"$69,861 ","$69,298","$64,923"
Bergen,1380,Englewood Cliffs Borough,"$69,740 ","$69,165","$70,950"
Atlantic,1310,Egg Harbor Township,"$69,688 ","$64,142","$65,142"
Bergen,2710,Little Ferry Borough,"$69,606 ","$66,872","$69,112"
Gloucester,3490,National Park Borough,"$69,561 ","$73,064","$66,178"
Sussex,5040,Stillwater Township,"$69,533 ","$67,774","$63,255"
Hudson,2295,Hudson County Vocational,"$69,486 ","$70,707","$64,257"
Bergen,1580,Franklin Lakes Borough,"$69,384 ","$69,384","$69,022"
Burlington,1520,Florence Township,"$69,366 ","$67,071","$66,716"
Burlington,3440,Mount Laurel Township,"$69,350 ","$71,590","$71,590"
Camden,1780,Gloucester Township,"$69,330 ","$67,505","$66,475"
Burlington,3650,North Hanover Township,"$69,225 ","$62,613","$63,481"
Hunterdon,20,Alexandria Township,"$69,219 ","$72,298","$70,137"
Monmouth,4980,Spring Lake Borough,"$69,208 ","$67,745","$66,485"
Monmouth,3260,Monmouth Co Vocational,"$69,110 ","$68,720","$67,460"
Ocean,2550,Lavallette Borough,"$69,058 ","$66,766","$64,073"
Somerset,4810,Somerset Co Vocational,"$69,028 ","$66,794","$63,829"
Hudson,3610,North Bergen Township,"$68,900 ","$71,970","$71,100"
Burlington,4450,Riverside Township,"$68,840 ","$65,165","$65,540"
Ocean,3790,Ocean County Vocational,"$68,781 ","$67,098","$65,333"
Burlington,620,Burlington Township,"$68,735 ","$61,638","$63,392"
Bergen,1550,Fort Lee Borough,"$68,730 ","$69,230","$70,280"
Sussex,1930,Hamburg Borough,"$68,650 ","$66,290","$65,088"
Warren,5450,Warren Co Special Service,"$68,600 ","$66,468","$66,468"
Atlantic,2680,Linwood City,"$68,406 ","$69,900","$66,108"
Ocean,530,Brick Township,"$68,405 ","$66,370","$66,160"
Bergen,5410,Waldwick Borough,"$68,383 ","$67,805","$68,370"
Salem,60,Alloway Township,"$68,349 ","$65,085","$65,460"
Morris,5520,Washington Township,"$68,325 ","$68,440","$62,630"
Union,4550,Roselle Park Borough,"$68,301 ","$67,538","$64,717"
Middlesex,1170,East Brunswick Township,"$68,255 ","$68,159","$67,458"
Morris,4490,Rockaway Township,"$68,253 ","$66,392","$65,095"
Cumberland,2570,Lawrence Township,"$68,245 ","$66,184","$65,266"
Hunterdon,2300,Hunterdon Central Reg,"$68,230 ","$63,030","$64,070"
Hunterdon,910,Clinton-Glen Gardner,"$68,200 ","$66,177","$64,592"
Camden,390,Black Horse Pike Regional,"$68,188 ","$64,666","$57,057"
Bergen,3350,Moonachie Borough,"$68,105 ","$58,240","$56,905"
Camden,680,Camden City,"$68,103 ","$64,603","$61,603"
Morris,630,Butler Borough,"$68,082 ","$66,219","$66,906"
Essex,660,Caldwell-West Caldwell,"$68,081 ","$68,021","$64,956"
Warren,5480,Washington Borough,"$68,055 ","$65,191","$60,890"
Hunterdon,1050,Delaware Valley Regional,"$68,045 ","$67,180","$63,070"
Ocean,4710,Seaside Heights Borough,"$67,901 ","$69,302","$66,704"
Somerset,350,Bernards Township,"$67,898 ","$67,075","$64,690"
Hunterdon,1376,South Hunterdon,"$67,865 ","$65,565","$61,854"
Gloucester,870,Clearview Regional,"$67,800 ","$65,300","$60,625"
Burlington,605,Burlington Co Spec Serv,"$67,792 ","$69,389","$70,162"
Camden,940,Collingswood Borough,"$67,750 ","$66,000","$64,750"
Bergen,3930,Paramus Borough,"$67,750 ","$66,300","$65,500"
Union,5090,Summit City,"$67,621 ","$65,721","$65,603"
Essex,1390,Essex Co Voc-Tech,"$67,604 ","$67,378","$65,854"
Morris,785,Sch Dist Of The Chathams,"$67,564 ","$64,140","$64,310"
Monmouth,4580,Rumson-Fair Haven Reg,"$67,510 ","$68,575","$63,780"
Cape May,715,Cape May Co Special Serv,"$67,355 ","$75,698","$79,996"
Morris,450,Boonton Town,"$67,303 ","$68,429","$66,477"
Middlesex,4910,South Plainfield Borough,"$67,285 ","$65,285","$63,282"
Essex,1465,Fairfield Township,"$67,277 ","$62,083","$62,083"
Middlesex,4090,Perth Amboy City,"$67,200 ","$68,300","$62,000"
Passaic,4270,Prospect Park Borough,"$67,194 ","$69,100","$65,100"
Passaic,5690,Woodland Park,"$67,120 ","$62,645","$63,020"
Union,4670,Scotch Plains-Fanwood Reg,"$67,072 ","$65,051","$62,807"
Somerset,510,Branchburg Township,"$67,049 ","$62,795","$63,445"
Sussex,90,Andover Reg,"$67,039 ","$67,039","$65,632"
Essex,6109,Lead Charter School,"$67,000 ",,
Burlington,475,Bordentown Regional,"$66,930 ","$61,478","$61,507"
Sussex,1560,Frankford Township,"$66,901 ","$65,185","$68,580"
Monmouth,3270,Monmouth Regional,"$66,900 ","$66,300","$65,400"
Sussex,3590,Newton Town,"$66,865 ","$66,683","$64,030"
Morris,2000,Hanover Township,"$66,836 ","$67,206","$67,594"
Bergen,2090,Haworth Borough,"$66,834 ","$72,826","$77,624"
Atlantic,1940,Hamilton Township,"$66,821 ","$58,687","$55,611"
Cumberland,5390,Vineland City,"$66,809 ","$65,004","$62,476"
Sussex,1980,Hampton Township,"$66,793 ","$65,859","$64,197"
Bergen,5755,Westwood Regional,"$66,780 ","$66,780","$59,813"
Bergen,2180,Hillsdale Borough,"$66,728 ","$66,728","$66,728"
Passaic,5440,Wanaque Borough,"$66,725 ","$63,695","$66,245"
Burlington,1250,Eastampton Township,"$66,697 ","$70,460","$68,675"
Middlesex,3530,New Brunswick City,"$66,644 ","$62,456","$63,860"
Atlantic,1960,Hammonton Town,"$66,600 ","$63,127","$62,540"
Passaic,4400,Ringwood Borough,"$66,592 ","$63,689","$57,765"
Burlington,5805,Willingboro Township,"$66,532 ","$64,815","$59,552"
Morris,5770,Wharton Borough,"$66,522 ","$67,105","$62,575"
Ocean,4220,Point Pleasant Beach Borough,"$66,473 ","$66,687","$64,269"
Monmouth,3200,Millstone Township,"$66,450 ","$64,155","$61,000"
Monmouth,2105,Hazlet Township,"$66,450 ","$64,350","$63,900"
Union,2190,Hillside Township,"$66,368 ","$69,118","$60,688"
Morris,460,Boonton Township,"$66,365 ","$62,979","$63,811"
Warren,5530,Washington Township,"$66,320 ","$64,465","$67,628"
Gloucester,1775,Gloucester Co Vocational,"$66,216 ","$65,139","$61,316"
Monmouth,2920,Manalapan-Englishtown Reg,"$66,209 ","$64,244","$63,569"
Union,980,Cranford Township,"$66,199 ","$66,199","$63,363"
Sussex,5100,Sussex-Wantage Regional,"$66,170 ","$65,470","$64,498"
Hudson,6420,Elysian Charter School,"$66,090 ","$68,900","$70,812"
Gloucester,5860,Woodbury City,"$66,014 ","$64,586","$63,565"
Sussex,3300,Montague Township,"$65,980 ","$65,980","$63,985"
Morris,3340,Montville Township,"$65,893 ","$65,162","$63,907"
Essex,2330,Irvington Township,"$65,890 ","$69,278","$55,276"
Gloucester,1100,Deptford Township,"$65,855 ","$65,855","$66,855"
Ocean,2690,Little Egg Harbor Township,"$65,772 ","$65,999","$65,194"
Union,2660,Linden City,"$65,739 ","$65,737","$65,737"
Somerset,3670,North Plainfield Borough,"$65,735 ","$64,725","$62,635"
Camden,260,Bellmawr Borough,"$65,679 ","$63,416","$62,010"
Burlington,3070,Medford Lakes Borough,"$65,677 ","$60,321","$60,603"
Salem,5320,Upper Pittsgrove Township,"$65,668 ","$61,863","$61,963"
Hudson,5670,West New York Town,"$65,663 ","$64,368","$64,463"
Monmouth,1660,Freehold Township,"$65,582 ","$63,527","$56,555"
Middlesex,970,Cranbury Township,"$65,500 ","$62,700","$60,100"
Monmouth,2720,Little Silver Borough,"$65,500 ","$63,500","$61,045"
Morris,4000,Long Hill Township,"$65,478 ","$62,974","$61,300"
Hunterdon,1040,Delaware Township,"$65,455 ","$66,018","$67,990"
Cape May,3130,Middle Township,"$65,398 ","$63,657","$61,812"
Middlesex,3150,Middlesex Co Vocational,"$65,370 ","$66,220","$65,570"
Monmouth,560,Brielle Borough,"$65,368 ","$63,568","$57,355"
Bergen,4610,Saddle Brook Township,"$65,365 ","$64,135","$62,925"
Passaic,900,Clifton City,"$65,350 ","$63,525","$60,250"
Cumberland,540,Bridgeton City,"$65,312 ","$64,870","$61,089"
Gloucester,1730,Glassboro,"$65,223 ","$67,873","$67,444"
Bergen,7890,Teaneck Community Charter Sc,"$65,210 ","$62,130","$58,475"
Bergen,6430,Englewood On The Palisades C,"$65,145 ","$65,145","$62,788"
Salem,4070,Penns Grv-Carney's Pt Reg,"$65,084 ","$62,966","$63,316"
Warren,5780,White Township,"$65,000 ","$59,435","$58,283"
Camden,1799,Kipp Cooper Norcross,"$65,000 ","$64,234","$63,851"
Essex,7325,Team Academy Charter School,"$65,000 ","$62,083","$64,234"
Burlington,600,Burlington City,"$64,997 ","$63,766","$62,262"
Ocean,2480,Lacey Township,"$64,940 ","$60,007","$51,761"
Ocean,2760,Long Beach Island,"$64,879 ","$63,074","$65,794"
Essex,3570,Newark City,"$64,848 ","$61,146","$61,200"
Bergen,4600,Rutherford Borough,"$64,838 ","$67,881","$65,741"
Morris,1530,Florham Park Borough,"$64,820 ","$62,830","$57,854"
Monmouth,4365,Red Bank Regional,"$64,805 ","$65,588","$63,300"
Cumberland,997,Cumberland Regional,"$64,722 ","$66,117","$60,832"
Somerset,5540,Watchung Borough,"$64,720 ","$63,390","$61,495"
Morris,1190,East Hanover Township,"$64,598 ","$65,430","$62,413"
Morris,3410,Mount Arlington Borough,"$64,550 ","$62,323","$61,508"
Somerset,4820,Somerville Borough,"$64,536 ","$64,690","$63,121"
Ocean,5190,Toms River Regional,"$64,515 ","$61,006","$62,431"
Camden,1802,Mastery Schools Of Camden,"$64,500 ","$60,000","$57,750"
Monmouth,5310,Upper Freehold Regional,"$64,468 ","$64,484","$63,080"
Ocean,4210,Point Pleasant Borough,"$64,456 ","$62,711","$61,385"
Monmouth,3830,Oceanport Borough,"$64,436 ","$65,036","$58,955"
Gloucester,4140,Pitman Borough,"$64,399 ","$62,972","$62,872"
Burlington,3010,Maple Shade Township,"$64,386 ","$65,742","$63,950"
Mercer,2580,Lawrence Township,"$64,386 ","$63,926","$60,451"
Bergen,5880,Woodcliff Lake Borough,"$64,355 ","$64,355","$62,480"
Ocean,3820,Ocean Township,"$64,350 ","$62,350","$61,532"
Cape May,5800,Wildwood Crest Borough,"$64,344 ","$62,968","$61,852"
Morris,820,Chester Township,"$64,321 ","$59,255","$58,870"
Bergen,440,Bogota Borough,"$64,233 ","$61,896","$61,896"
Bergen,4300,Ramapo-Indian Hill Reg,"$64,182 ","$65,533","$64,649"
Hunterdon,1510,Flemington-Raritan Reg,"$64,160 ","$64,220","$63,610"
Warren,2040,Harmony Township,"$64,115 ","$62,445","$60,640"
Cape May,720,Cape May Co Vocational,"$64,107 ","$64,607","$65,607"
Bergen,890,Cliffside Park Borough,"$64,090 ","$63,850","$63,500"
Warren,4200,Pohatcong Township,"$64,065 ","$64,065","$60,528"
Monmouth,2400,Keansburg Borough,"$64,065 ","$64,065","$57,035"
Warren,3675,North Warren Regional,"$63,995 ","$62,787","$60,760"
Cumberland,950,Commercial Township,"$63,983 ","$61,692","$62,462"
Middlesex,2150,Highland Park Borough,"$63,945 ","$61,907","$65,727"
Middlesex,3140,Middlesex Borough,"$63,914 ","$65,604","$58,891"
Monmouth,2120,Henry Hudson Regional,"$63,876 ","$63,364","$62,791"
Hudson,4730,Secaucus Town,"$63,782 ","$63,782","$62,686"
Hunterdon,4350,Readington Township,"$63,763 ","$64,473","$62,670"
Ocean,4190,Plumsted Township,"$63,760 ","$61,685","$58,490"
Morris,2010,Harding Township,"$63,735 ","$63,210","$63,065"
Middlesex,3620,North Brunswick Township,"$63,695 ","$63,549","$62,670"
Mercer,7540,Princeton Charter School,"$63,537 ","$61,492","$62,930"
Essex,4530,Roseland Borough,"$63,529 ","$63,153","$62,485"
Burlington,4460,Riverton,"$63,528 ","$67,970","$63,188"
Morris,2650,Lincoln Park Borough,"$63,485 ","$61,895","$60,825"
Essex,6665,The Gray Charter School,"$63,426 ","$63,639","$60,096"
Passaic,2700,Little Falls Township,"$63,410 ","$59,710","$65,210"
Camden,3110,Merchantville Borough,"$63,393 ","$61,823","$61,823"
Morris,1110,Dover Town,"$63,342 ","$64,270","$63,283"
Warren,2250,Hope Township,"$63,310 ","$55,740","$53,520"
Hunterdon,430,Bloomsbury Borough,"$63,288 ","$60,955","$58,940"
Burlington,3920,Palmyra Borough,"$63,263 ","$60,518","$60,611"
Middlesex,4660,Sayreville Borough,"$63,228 ","$58,828","$57,778"
Monmouth,5420,Wall Township,"$63,200 ","$59,800","$61,400"
Bergen,80,Alpine Borough,"$63,199 ","$65,087","$62,539"
Burlington,5720,Westampton,"$63,120 ","$61,390","$60,063"
Hunterdon,2140,High Bridge Borough,"$63,105 ","$65,905","$67,505"
Cape May,5340,Upper Township,"$63,030 ","$63,968","$62,665"
Gloucester,2750,Logan Township,"$63,020 ","$63,370","$62,341"
Monmouth,2930,Manasquan Borough,"$63,010 ","$64,375","$61,016"
Ocean,4105,Pinelands Regional,"$63,000 ","$63,500","$61,500"
Essex,6057,Peoples Preparatory Charter,"$63,000 ","$52,500","$56,339"
Essex,7320,North Star Academy Charter S,"$63,000 ","$61,000","$61,000"
Monmouth,3040,Matawan-Aberdeen Regional,"$62,940 ","$67,140","$64,120"
Ocean,2940,Manchester Township,"$62,904 ","$61,846","$59,403"
Sussex,640,Byram Township,"$62,812 ","$63,557","$62,724"
Camden,1720,Gibbsboro Borough,"$62,774 ","$60,483","$60,738"
Morris,2380,Jefferson Township,"$62,753 ","$56,261","$56,351"
Camden,340,Berlin Township,"$62,680 ","$65,457","$68,680"
Camden,580,Brooklawn Borough,"$62,650 ","$58,401","$59,605"
Cumberland,5070,Stow Creek Township,"$62,631 ","$56,522","$54,532"
Bergen,1360,Emerson Borough,"$62,625 ","$60,500","$57,375"
Middlesex,4920,South River Borough,"$62,620 ","$59,960","$57,950"
Essex,1400,Essex Fells Borough,"$62,536 ","$60,938","$60,829"
Monmouth,5640,West Long Branch Borough,"$62,515 ","$62,515","$61,975"
Passaic,2100,Hawthorne Borough,"$62,515 ","$61,640","$59,135"
Morris,4560,Roxbury Township,"$62,481 ","$65,050","$60,292"
Burlington,2960,Mansfield Township,"$62,288 ","$60,264","$60,254"
Morris,3380,Morris Plains Borough,"$62,238 ","$59,704","$57,577"
Monmouth,2770,Long Branch City,"$62,225 ","$62,686","$61,956"
Hunterdon,2308,Hunterdon Co Vocational,"$62,130 ","$62,150","$61,220"
Warren,2470,Knowlton Township,"$62,091 ","$59,025","$57,182"
Ocean,320,Berkeley Township,"$62,056 ","$58,961","$58,500"
Sussex,1570,Franklin Borough,"$62,055 ",,"$57,325"
Sussex,5110,Sussex County Vocational,"$62,000 ","$64,910","$62,090"
Bergen,4410,River Edge Borough,"$61,977 ","$61,977","$61,813"
Bergen,1070,Demarest Borough,"$61,833 ","$64,123","$61,829"
Gloucester,1330,Elk Township,"$61,799 ","$62,354","$54,382"
Camden,4110,Pine Hill Borough,"$61,736 ","$61,736","$61,507"
Ocean,2360,Jackson Township,"$61,732 ","$64,332","$61,432"
Middlesex,3290,Monroe Township,"$61,722 ","$63,895","$52,532"
Bergen,5330,Upper Saddle River Borough,"$61,680 ","$61,680","$60,425"
Mercer,6017,Foundation Academy Charter S,"$61,680 ","$61,000","$58,472"
Salem,4630,Salem City,"$61,668 ","$57,179","$57,179"
Burlington,610,Burlington Co Vocational,"$61,658 ","$62,239","$63,844"
Warren,1620,Franklin Township,"$61,650 ",,"$59,415"
Warren,1785,Great Meadows Regional,"$61,650 ","$62,035","$59,855"
Mercer,5510,Robbinsville Township,"$61,605 ","$59,443","$59,344"
Gloucester,5120,Swedesboro-Woolwich,"$61,582 ","$56,611","$56,411"
Camden,150,Audubon Borough,"$61,500 ","$60,000","$58,200"
Essex,3750,Nutley Town,"$61,491 ","$62,874","$63,433"
Burlington,5130,Tabernacle Township,"$61,442 ","$59,276","$62,194"
Hunterdon,2450,Kingwood Township,"$61,431 ","$59,890","$59,540"
Hunterdon,1600,Franklin Township,"$61,418 ","$60,534","$59,640"
Cumberland,995,Cumberland Co Vocational,"$61,365 ","$62,710","$72,975"
Sussex,4650,Sandyston-Walpack Township,"$61,349 ","$60,771","$59,608"
Sussex,2030,Hardyston Township,"$61,301 ","$60,062","$63,485"
Bergen,3740,Norwood Borough,"$61,288 ","$69,353","$68,103"
Burlington,5010,Springfield Township,"$61,278 ","$53,900","$61,278"
Cumberland,5300,Upper Deerfield Township,"$61,236 ","$63,471","$61,416"
Monmouth,2160,Highlands Borough,"$61,195 ","$60,395","$60,268"
Salem,5910,Woodstown-Pilesgrove Reg,"$61,171 ","$59,852","$59,874"
Bergen,2620,Leonia Borough,"$61,160 ","$60,380","$60,510"
Sussex,2490,Lafayette Township,"$61,120 ","$63,561","$61,618"
Essex,410,Bloomfield Township,"$61,100 ","$61,100","$58,100"
Atlantic,7410,Chartertech High School For,"$61,045 ","$58,282","$55,088"
Essex,7730,Robert Treat Academy Charter,"$60,990 ","$60,095","$54,480"
Morris,3090,Mendham Borough,"$60,980 ","$60,470","$63,965"
Bergen,5830,Wood-Ridge Borough,"$60,965 ","$59,465","$58,005"
Bergen,3550,New Milford Borough,"$60,870 ","$61,405","$58,830"
Salem,4150,Pittsgrove Township,"$60,792 ","$62,667","$61,864"
Gloucester,1774,Gloucester Co Spec Serv,"$60,780 ","$58,897","$56,597"
Warren,280,Belvidere Town,"$60,740 ","$58,635","$56,370"
Hunterdon,920,Clinton Township,"$60,580 ","$60,580","$53,892"
Bergen,1700,Garfield City,"$60,475 ","$57,000","$57,900"
Gloucester,5590,Wenonah Borough,"$60,454 ","$58,839","$58,839"
Burlington,200,Bass River Township,"$60,434 ","$60,434","$61,302"
Union,3470,Mountainside Borough,"$60,422 ","$58,168","$60,279"
Monmouth,4990,Spring Lake Heights Borough,"$60,359 ","$57,834","$57,604"
Monmouth,2430,Keyport Borough,"$60,359 ","$60,309","$55,526"
Burlington,3690,Northern Burlington Reg,"$60,300 ","$60,571","$59,029"
Middlesex,3120,Metuchen Borough,"$60,291 ","$61,191","$62,593"
Salem,2800,Lower Alloways Creek,"$60,270 ","$69,000","$66,110"
Warren,400,Blairstown Township,"$60,258 ","$58,791","$56,238"
Salem,3860,Oldmans Township,"$60,256 ","$58,720","$59,100"
Morris,4440,Riverdale Borough,"$60,254 ","$56,615","$56,315"
Union,850,Clark Township,"$60,232 ","$57,905","$57,905"
Bergen,3600,North Arlington Borough,"$60,135 ","$56,400","$55,290"
Monmouth,1000,Deal Borough,"$60,110 ","$56,400","$55,558"
Camden,190,Barrington Borough,"$60,022 ","$60,431","$59,715"
Essex,6110,Achieve Community Charter Sc,"$60,000 ",,
Gloucester,3280,Monroe Township,"$59,999 ","$57,450","$56,150"
Hunterdon,2600,Lebanon Township,"$59,915 ","$62,755","$61,235"
Somerset,1610,Franklin Township,"$59,873 ","$58,670","$57,651"
Burlington,3430,Mount Holly Township,"$59,750 ","$60,275","$54,804"
Passaic,4010,Paterson City,"$59,700 ","$59,733","$58,258"
Burlington,830,Chesterfield Township,"$59,570 ","$59,570","$57,138"
Warren,1840,Greenwich Township,"$59,555 ","$57,485","$57,961"
Cape May,2840,Lower Township,"$59,507 ","$57,265","$57,265"
Gloucester,1830,Greenwich Township,"$59,500 ","$57,000","$59,700"
Bergen,3170,Midland Park Borough,"$59,500 ","$58,263","$56,000"
Burlington,1280,Edgewater Park Township,"$59,370 ","$60,340","$56,920"
Monmouth,3250,Monmouth Beach Borough,"$59,345 ","$58,345","$57,345"
Morris,1090,Denville Township,"$59,313 ","$58,855","$59,033"
Passaic,1920,Haledon Borough,"$59,310 ","$58,895","$57,295"
Sussex,5030,Stanhope Borough,"$59,283 ","$59,283","$58,040"
Atlantic,4240,Port Republic City,"$59,274 ","$57,585","$66,372"
Camden,3770,Oaklyn Borough,"$59,216 ","$60,966","$60,716"
Camden,3420,Mount Ephraim Borough,"$59,189 ","$61,689","$65,239"
Monmouth,1440,Fair Haven Borough,"$59,143 ","$56,893","$55,283"
Camden,1880,Haddon Heights Borough,"$59,034 ","$58,374","$57,534"
Hunterdon,2220,Holland Township,"$59,022 ","$57,401","$55,489"
Camden,5560,Waterford Township,"$59,003 ","$60,592","$58,748"
Bergen,2860,Lyndhurst Township,"$59,000 ","$59,000","$59,000"
Camden,1801,Camden Prep,"$59,000 ","$57,000","$55,000"
Essex,6099,Link Community Charter Schoo,"$58,980 ",,"$51,500"
Union,5260,Union County Vocational,"$58,813 ","$59,136","$59,316"
Mercer,1430,Ewing Township,"$58,800 ","$60,618","$63,816"
Warren,30,Allamuchy Township,"$58,638 ","$54,150","$53,530"
Gloucester,1180,East Greenwich Township,"$58,538 ","$58,843","$58,135"
Atlantic,1300,Egg Harbor City,"$58,526 ","$57,963","$64,291"
Burlington,1060,Delran Township,"$58,290 ","$57,580","$56,465"
Salem,4280,Quinton Township,"$58,276 ","$61,665","$62,005"
Bergen,3870,Oradell Borough,"$58,208 ","$58,540","$58,540"
Middlesex,4970,Spotswood Borough,"$58,200 ","$59,200","$57,850"
Essex,760,Cedar Grove Township,"$58,176 ","$60,872","$57,860"
Union,4540,Roselle Borough,"$58,125 ","$59,056","$56,863"
Cape May,710,Cape May City,"$58,105 ","$56,795","$56,425"
Somerset,490,Bound Brook Borough,"$58,090 ","$58,590","$60,348"
Camden,2540,Laurel Springs Borough,"$58,081 ","$55,526","$60,505"
Ocean,2500,Lakehurst Borough,"$58,069 ","$57,484","$55,672"
Ocean,210,Bay Head Borough,"$58,015 ","$60,949","$59,454"
Monmouth,270,Belmar Borough,"$58,000 ","$57,000","$55,940"
Hudson,6720,Hoboken Charter School,"$58,000 ",,"$59,000"
Monmouth,3510,Neptune Township,"$57,996 ","$53,607","$54,007"
Somerset,3000,Manville Borough,"$57,940 ","$57,962","$54,457"
Morris,3240,Mine Hill Township,"$57,925 ","$56,775","$56,951"
Camden,880,Clementon Borough,"$57,900 ","$56,850","$55,550"
Bergen,3060,Maywood Borough,"$57,850 ","$59,375","$62,100"
Mercer,3105,Mercer County Vocational,"$57,832 ","$57,832","$55,357"
Somerset,4850,South Bound Brook,"$57,815 ","$60,568","$67,473"
Camden,5080,Stratford Borough,"$57,743 ","$61,827","$56,951"
Warren,70,Alpha Borough,"$57,615 ","$57,615","$58,368"
Somerset,1810,Green Brook Township,"$57,605 ","$57,605","$56,430"
Mercer,6025,Paul Robeson Charter School,"$57,590 ","$57,500","$50,000"
Sussex,1630,Fredon Township,"$57,561 ","$54,940","$54,940"
Warren,5460,Warren County Vocational,"$57,539 ","$56,212","$56,082"
Ocean,1150,Eagleswood Township,"$57,495 ","$57,495","$58,280"
Camden,330,Berlin Borough,"$57,415 ","$57,815","$58,040"
Middlesex,2370,Jamesburg Borough,"$57,293 ","$56,733","$55,182"
Monmouth,180,Avon Borough,"$57,200 ",,"$51,520"
Essex,7210,Marion P. Thomas Charter Sch,"$57,152 ","$56,862","$51,370"
Monmouth,500,Bradley Beach Borough,"$57,145 ","$57,480","$57,446"
Atlantic,1790,Greater Egg Harbor Reg,"$57,116 ","$57,110","$57,510"
Hudson,220,Bayonne City,"$57,074 ","$55,290","$55,690"
Gloucester,2990,Mantua Township,"$57,053 ","$59,799","$60,305"
Essex,6020,Pride Academy Charter School,"$57,000 ","$56,694","$55,352"
Ocean,2350,Island Heights Borough,"$56,980 ","$54,196","$51,670"
Camden,7109,Leap Academy University Char,"$56,957 ","$54,670","$52,436"
Bergen,5430,Wallington Borough,"$56,950 ","$54,035","$52,090"
Burlington,1910,Hainesport Township,"$56,864 ","$55,609","$55,881"
Warren,1670,Frelinghuysen Township,"$56,837 ","$59,492","$65,232"
Salem,4640,Salem County Vocational,"$56,829 ","$53,565","$53,665"
Camden,2670,Lindenwold Borough,"$56,816 ","$57,582","$55,866"
Camden,4590,Runnemede Borough,"$56,783 ","$56,233","$54,718"
Union,1710,Garwood Borough,"$56,742 ",,"$62,064"
Cumberland,1820,Greenwich Township,"$56,734 ","$58,665","$54,532"
Burlington,3540,New Hanover Township,"$56,721 ","$61,141","$61,141"
Ocean,5220,Tuckerton Borough,"$56,712 ","$54,377","$51,057"
Cumberland,1020,Deerfield Township,"$56,710 ","$58,882","$63,879"
Cumberland,1120,Downe Township,"$56,630 ","$56,880","$64,084"
Cumberland,1460,Fairfield Township,"$56,620 ","$54,762","$54,762"
Essex,3880,City Of Orange Township,"$56,543 ","$54,921","$54,921"
Hunterdon,1680,Frenchtown Borough,"$56,515 ","$59,020","$61,120"
Monmouth,7891,College Achieve Greater Asbu,"$56,500 ",,
Morris,3520,Netcong Borough,"$56,440 ","$50,925","$54,000"
Essex,7735,Maria Varisco Rogers Charter,"$56,425 ","$55,220","$52,500"
Atlantic,120,Atlantic Co Vocational,"$56,360 ","$56,676","$50,129"
Sussex,3840,Ogdensburg Borough,"$56,250 ","$56,010","$51,643"
Monmouth,4770,Shrewsbury Borough,"$56,245 ","$58,645","$57,045"
Camden,4790,Somerdale Borough,"$56,214 ","$54,564","$53,801"
Ocean,5020,Stafford Township,"$56,167 ","$57,767","$57,942"
Essex,8065,University Heights Charter S,"$56,160 ","$55,775","$52,550"
Bergen,1470,Fairview Borough,"$56,150 ","$55,125","$57,405"
Hunterdon,370,Bethlehem Township,"$56,105 ","$55,905","$52,953"
Atlantic,1540,Folsom Borough,"$56,036 ","$54,435","$53,288"
Burlington,4930,Southampton Township,"$56,013 ","$56,950","$58,675"
Essex,6053,Great Oaks Legacy Charter Sc,"$56,008 ","$57,010","$51,500"
Atlantic,4180,Pleasantville City,"$55,811 ","$55,700","$55,850"
Gloucester,2440,Kingsway Regional,"$55,797 ","$54,594","$52,737"
Ocean,185,Barnegat Township,"$55,789 ","$56,889","$54,893"
Hudson,6064,Dr Lena Edwards Academic Cha,"$55,750 ","$56,750","$52,750"
Essex,6094,Phillip's Academy Charter Sc,"$55,705 ","$56,810","$50,415"
Camden,700,Camden County Vocational,"$55,652 ","$59,224","$57,308"
Cape May,5840,Woodbine Borough,"$55,650 ","$53,991","$56,297"
Salem,2950,Mannington Township,"$55,582 ","$61,470","$60,543"
Bergen,1270,Edgewater Borough,"$55,578 ","$54,028","$52,978"
Monmouth,1260,Eatontown Borough,"$55,564 ","$56,965","$60,043"
Camden,1900,Haddonfield Borough,"$55,525 ","$56,237","$56,837"
Hunterdon,670,Califon Borough,"$55,479 ","$53,489","$51,867"
Camden,1890,Haddon Township,"$55,474 ","$56,052","$56,141"
Monmouth,5230,Union Beach,"$55,334 ",,"$52,146"
Sussex,7850,Sussex County Technology Cha,"$55,317 ","$52,968","$50,455"
Hudson,5580,Weehawken Township,"$55,280 ","$56,740","$56,230"
Union,5810,Winfield Township,"$55,258 ","$56,596","$55,632"
Gloucester,5870,Woodbury Heights Borough,"$55,242 ","$56,292","$59,727"
Gloucester,860,Clayton Borough,"$55,242 ","$51,746","$54,042"
Camden,2560,Lawnside Borough,"$55,227 ","$54,552","$54,552"
Salem,4635,Salem Co Special Service,"$55,175 ","$53,740","$52,860"
Monmouth,4520,Roosevelt Borough,"$55,098 ","$52,471","$49,981"
Passaic,3640,North Haledon Borough,"$55,019 ","$55,964","$54,569"
Burlington,1030,Delanco Township,"$55,002 ","$57,318","$55,954"
Camden,6232,Environment Community Opport,"$55,000 ","$53,040","$52,500"
Essex,7290,New Horizons Community Chart,"$54,866 ","$51,310","$53,800"
Morris,4480,Rockaway Borough,"$54,857 ",,"$50,750"
Ocean,3800,Ocean Gate Borough,"$54,715 ","$51,960","$51,960"
Essex,6410,East Orange Community Charte,"$54,704 ","$55,080","$55,525"
Monmouth,6010,Academy Charter High School,"$54,688 ","$54,122","$51,305"
Essex,6029,Newark Educators Community C,"$54,590 ","$51,500","$51,640"
Essex,6058,Roseville Community Charter,"$54,590 ","$54,855","$54,325"
Passaic,6021,Community Charter School Of,"$54,584 ","$52,994","$52,038"
Monmouth,4360,Red Bank Borough,"$54,555 ","$54,140","$53,678"
Salem,4075,Pennsville,"$54,527 ","$52,694","$49,461"
Middlesex,1140,Dunellen Borough,"$54,500 ","$52,850","$51,700"
Camden,5900,Woodlynne Borough,"$54,458 ","$55,611","$51,846"
Burlington,380,Beverly City,"$54,333 ","$51,488","$54,361"
Atlantic,4800,Somers Point City,"$54,309 ","$57,561","$57,561"
Bergen,2740,Lodi Borough,"$54,266 ","$55,624","$57,216"
Hudson,6082,Beloved Community Charter Sc,"$54,250 ","$52,000","$48,000"
Gloucester,4880,South Harrison Township,"$54,006 ","$54,756","$53,142"
Hudson,6910,Jersey City Community Charte,"$53,993 ","$53,994","$56,225"
Middlesex,6635,Greater Brunswick Charter Sc,"$53,904 ","$53,132","$51,468"
Atlantic,3720,Northfield City,"$53,863 ","$54,134","$54,134"
Cumberland,3050,Maurice River Township,"$53,792 ","$55,847","$59,878"
Hunterdon,2590,Lebanon Borough,"$53,760 ","$54,310","$56,860"
Essex,6022,Burch Charter School Of Exce,"$53,679 ","$51,725","$48,500"
Warren,3890,Oxford Township,"$53,610 ","$52,285","$51,005"
Atlantic,3480,Mullica Township,"$53,575 ","$53,588","$54,541"
Hudson,6036,Hoboken Dual Language Charte,"$53,550 ","$51,638","$50,125"
Union,8010,Union County Teams Charter S,"$53,391 ","$53,765","$50,200"
Essex,7100,Lady Liberty Academy Charter,"$53,275 ","$52,530","$54,000"
Cape May,5610,West Cape May Borough,"$53,256 ","$54,382","$51,564"
Atlantic,6060,Atlantic Community Charter S,"$53,000 ","$53,280","$53,000"
Mercer,8140,The Village Charter School,"$53,000 ","$48,000","$48,000"
Middlesex,6032,Academy For Urban Leadership,"$53,000 ","$49,690","$48,213"
Passaic,7503,Paterson Charter School For,"$53,000 ","$53,375","$52,750"
Union,6102,Cresthaven Academy Charter S,"$53,000 ","$55,000",
Ocean,2520,Lakewood Township,"$52,941 ","$52,046","$50,436"
Gloucester,1590,Franklin Township,"$52,824 ","$53,267","$52,153"
Mercer,6183,Trenton Stem-To-Civics Chart,"$52,500 ","$50,500","$51,000"
Salem,1350,Elsinboro Township,"$52,497 ","$52,951","$54,922"
Hudson,8060,University Academy Charter H,"$52,488 ","$53,506","$49,828"
Mercer,6810,International Charter School,"$52,468 ","$50,417","$49,313"
Monmouth,1490,Farmingdale Borough,"$52,447 ","$50,400","$51,395"
Monmouth,1640,Freehold Borough,"$52,277 ","$49,255","$50,915"
Monmouth,5185,Tinton Falls,"$52,253 ","$52,253","$52,484"
Camden,6107,Camden's Promise Charter Sch,"$52,000 ","$51,000",
Essex,3630,North Caldwell Borough,"$51,970 ","$52,218","$53,000"
Atlantic,5760,Weymouth Township,"$51,700 ","$51,702","$51,730"
Bergen,1345,Elmwood Park,"$51,610 ","$51,735","$51,610"
Burlington,6076,Benjamin Banneker Preparator,"$51,500 ","$55,020","$53,550"
Essex,6320,Discovery Charter School,"$51,500 ",,"$53,000"
Middlesex,6041,Hatikvah International Chart,"$51,500 ","$51,500","$50,000"
Ocean,230,Beach Haven Borough,"$51,345 ","$51,345","$45,219"
Mercer,7500,Pace Charter School Of Hamil,"$51,000 ","$50,000","$47,197"
Burlington,5890,Woodland Township,"$50,894 ","$50,500","$49,000"
Passaic,6079,John P. Holland Charter Scho,"$50,849 ","$53,405","$51,311"
Camden,6067,The Kingdom Charter School O,"$50,600 ","$45,250","$45,000"
Middlesex,3220,Milltown Borough,"$50,558 ","$48,815","$47,705"
Hudson,6184,Great Futures Charter School,"$50,465 ","$51,690","$49,200"
Union,7600,The Queen City Academy Chart,"$50,400 ","$50,200","$50,200"
Passaic,6106,Philip's Academy Charter Sch,"$50,375 ","$56,000",
Hudson,6915,Jersey City Golden Door Char,"$50,160 ","$49,850","$49,000"
Cape May,1080,Dennis Township,"$50,093 ","$52,649","$51,637"
Hudson,6103,Empowerment Academy Charter,"$50,000 ","$49,000","$46,000"
Mercer,6182,International Academy Of Tre,"$50,000 ","$49,500","$43,500"
Morris,8050,Unity Charter School,"$50,000 ","$50,364","$50,000"
Somerset,6018,Central Jersey College Prep,"$50,000 ","$49,800","$49,200"
Union,6033,The Barack Obama Green Chart,"$50,000 ","$49,970","$48,960"
Atlantic,6104,International Academy Of Atl,"$49,500 ","$48,250","$44,000"
Monmouth,6740,Hope Academy Charter School,"$49,000 ","$44,833","$44,000"
Union,6101,College Achieve Central Char,"$49,000 ","$48,000","$46,500"
Somerset,6081,Thomas Edison Energysmart Ch,"$48,800 ","$48,800","$47,850"
Hudson,7115,Learning Community Charter S,"$48,618 ","$46,979","$47,709"
Monmouth,3500,Neptune City,"$48,385 ","$49,000","$49,640"
Hunterdon,1970,Hampton Borough,"$48,333 ","$49,058","$50,333"
Hunterdon,3180,Milford Borough,"$48,007 ","$48,007","$46,687"
Passaic,7892,College Achieve Paterson Cha,"$48,000 ",,
Monmouth,7720,Red Bank Charter School,"$47,475 ","$42,000","$42,700"
Bergen,6013,Bergen Arts And Sciences Cha,"$47,000 ","$46,000","$45,200"
Camden,6086,Hope Community Cs,"$47,000 ","$48,035","$45,457"
Hudson,6068,M.E.T.S. Charter School,"$47,000 ","$45,900","$45,320"
Cumberland,6089,Compass Academy Charter Scho,"$46,875 ","$46,056","$46,988"
Warren,7727,Ridge And Valley Charter Sch,"$46,717 ","$45,356","$44,316"
Cumberland,6069,Millville Public Charter Sch,"$46,183 ","$45,750","$45,000"
Passaic,6096,Paterson Arts And Science Ch,"$45,900 ","$44,100","$44,000"
Passaic,6080,Passaic Arts And Science Cha,"$45,600 ","$45,000","$44,000"
Cumberland,6028,Vineland Public Charter Scho,"$45,000 ","$45,000","$45,750"
Cumberland,6100,Bridgeton Public Charter Sch,"$45,000 ","$45,000","$44,000"
Hudson,6093,Jersey City Global Cs,"$45,000 ","$42,000","$41,000"
Hudson,6030,The Ethical Community Charte,"$44,701 ","$43,399","$42,340"
Hudson,6105,Hudson Arts And Science Char,"$44,400 ","$42,600",
Burlington,6026,Riverbank Charter School Of,"$42,000 ","$43,500","$45,868"
Passaic,6230,Classical Academy Charter Sc,"$42,000 ","$42,500","$42,302"