1,state,monthly rent,monthly mortgage,year
2,Alabama,111.0892519,267.3391663,2005
3,Alaska,244.5242588,458.8508614,2005
4,Arizona,194.7916067,420.6199523,2005
5,Arkansas,114.3899552,226.4274307,2005
6,California,385.2692788,642.379108,2005
7,Colorado,219.8878622,552.6663813,2005
8,Connecticut,225.6301148,654.1098603,2005
9,Delaware,172.4070036,414.4066997,2005
10,District of Columbia,462.2194047,421.2349083,2005
11,Florida,205.6823424,396.8712982,2005
12,Georgia,188.7291087,414.2821412,2005
13,Hawaii,348.036211,523.7216651,2005
14,Idaho,137.5290755,369.8252087,2005
15,Illinois,196.5915163,489.0426312,2005
16,Indiana,141.5059493,350.3242564,2005
17,Iowa,120.0724922,304.3595528,2005
18,Kansas,145.584708,342.4691756,2005
19,Kentucky,113.8319335,283.1820172,2005
20,Louisiana,126.1349264,253.8938749,2005
21,Maine,129.5054539,284.8245746,2005
22,Maryland,242.0786214,636.5086426,2005
23,Massachusetts,285.8527399,580.8829423,2005
24,Michigan,139.8788102,407.4123917,2005
25,Minnesota,155.0544967,518.6016242,2005
26,Mississippi,105.7812676,232.363676,2005
27,Missouri,131.7423112,336.9607319,2005
28,Montana,131.7908258,275.5119019,2005
29,Nebraska,144.2831864,327.1670908,2005
30,Nevada,286.8578391,514.3074548,2005
31,New Hampshire,186.1365135,490.2785333,2005
32,New Jersey,273.7429557,662.8223083,2005
33,New Mexico,144.1694958,305.1349616,2005
34,New York,346.1386742,429.3132824,2005
35,North Carolina,155.0519406,337.397214,2005
36,North Dakota,124.1524976,235.2002257,2005
37,Ohio,151.2352454,364.6549617,2005
38,Oklahoma,130.9976562,251.3194736,2005
39,Oregon,226.5156726,417.3573141,2005
40,Pennsylvania,153.0672322,357.2342504,2005
41,Rhode Island,244.1023484,475.9703832,2005
42,South Carolina,143.5298988,305.8840373,2005
43,South Dakota,112.4289558,262.0106611,2005
44,Tennessee,139.1449164,319.8344449,2005
45,Texas,195.8577886,336.3517471,2005
46,Utah,174.511713,471.5010188,2005
47,Vermont,150.8106478,317.8416387,2005
48,Virginia,221.5173315,561.4465076,2005
49,Washington,239.8669022,509.5437223,2005
50,West Virginia,76.31391467,195.411091,2005
51,Wisconsin,157.1701681,375.9728821,2005
53,Wyoming,122.1068284,290.1092652,2005
54,Alabama,128.6599613,20486.6347,2006
55,Alaska,242.0475108,288.004046,2006
56,Arizona,213.8965339,447.301023,2006
57,Arkansas,145.6286927,476.80681,2006
58,California,414.5536946,240.713421,2006
59,Colorado,224.6611779,711.791832,2006
60,Connecticut,260.6026748,592.07854,2006
61,Delaware,172.9763782,692.007363,2006
62,District of Columbia,471.9342312,440.183093,2006
63,Florida,219.3141868,529.437504,2006
64,Georgia,203.0796906,439.612753,2006
65,Hawaii,380.1255927,440.924363,2006
66,Idaho,155.2247853,594.062729,2006
67,Illinois,212.5047673,393.889781,2006
68,Indiana,153.3025546,524.988375,2006
69,Iowa,141.2430916,366.906913,2006
70,Kansas,166.7385453,327.874087,2006
71,Kentucky,132.3824123,363.469194,2006
72,Louisiana,154.413225,288.942518,2006
73,Maine,132.2114144,261.996122,2006
74,Maryland,266.3630609,324.250383,2006
75,Massachusetts,303.0330957,700.889244,2006
76,Michigan,145.1094687,619.413401,2006
77,Minnesota,151.3649441,420.850671,2006
78,Mississippi,127.7433559,548.804269,2006
79,Missouri,152.778483,242.978374,2006
80,Montana,141.1211998,362.571178,2006
81,Nebraska,178.5532663,312.482772,2006
82,Nevada,313.8220822,344.9361,2006
83,New Hampshire,203.6563763,578.628671,2006
84,New Jersey,294.7429804,536.733758,2006
85,New Mexico,154.4255363,712.979669,2006
86,New York,377.1844135,330.242018,2006
87,North Carolina,171.5932004,459.488824,2006
88,North Dakota,147.8114059,355.61016,2006
89,Ohio,168.893336,249.888691,2006
90,Oklahoma,152.4654707,382.399627,2006
91,Oregon,237.416294,265.047486,2006
92,Pennsylvania,169.6147204,466.167902,2006
93,Rhode Island,274.6846326,377.098391,2006
94,South Carolina,147.6421858,487.713978,2006
95,South Dakota,139.2173443,325.564154,2006
96,Tennessee,156.5241142,291.519065,2006
97,Texas,219.092955,335.517689,2006
98,Utah,181.9324148,353.743587,2006
99,Vermont,159.6770996,510.832362,2006
100,Virginia,236.2812394,363.222447,2006
101,Washington,257.0539557,607.603589,2006
102,West Virginia,95.13042809,198.465738,2006
103,Wisconsin,168.9261168,395.97,2006
104,Wyoming,151.3753973,307.6,2006
105,Alabama,644.0487611,298.3549985,2007
106,Alaska,972.7533595,506.172887,2007
107,Arizona,893.4581768,502.6816858,2007
108,Arkansas,608.7033016,251.5626872,2007
109,California,1179.433934,757.1244781,2007
110,Colorado,863.416801,605.4802859,2007
111,Connecticut,1002.171803,729.8681907,2007
112,Delaware,954.2562656,510.8384665,2007
113,District of Columbia,1072.98567,571.4864707,2007
114,Florida,994.9591371,479.1781261,2007
115,Georgia,799.771099,468.647574,2007
116,Hawaii,1323.277502,633.9045863,2007
117,Idaho,695.0412098,433.9753226,2007
118,Illinois,849.369362,557.1649569,2007
119,Indiana,670.738025,377.0746233,2007
120,Iowa,604.1055239,342.8899599,2007
121,Kansas,672.605233,381.3345017,2007
122,Kentucky,587.9479817,299.4850603,2007
123,Louisiana,703.1617087,284.2942221,2007
124,Maine,696.3738066,343.3534028,2007
125,Maryland,1066.970728,766.1988367,2007
126,Massachusetts,992.1937871,659.5770124,2007
127,Michigan,736.7792837,434.8893454,2007
128,Minnesota,779.1170552,571.2616442,2007
129,Mississippi,638.0474957,262.1073887,2007
130,Missouri,661.4052946,383.358002,2007
131,Montana,649.7089157,332.7717075,2007
132,Nebraska,664.0491555,367.6449631,2007
133,Nevada,1038.264575,607.2119758,2007
134,New Hampshire,947.9641206,582.0606437,2007
135,New Jersey,1086.554892,762.9789187,2007
136,New Mexico,695.8750194,350.6872433,2007
137,New York,1021.991803,487.5814324,2007
138,North Carolina,719.3608446,381.0221274,2007
139,North Dakota,560.5561036,250.8586868,2007
140,Ohio,680.194708,399.2855334,2007
141,Oklahoma,636.6210459,289.8544224,2007
142,Oregon,805.7362854,491.724359,2007
143,Pennsylvania,742.2943909,403.2479355,2007
144,Rhode Island,856.7213923,538.4926222,2007
145,South Carolina,702.6028652,345.268276,2007
146,South Dakota,574.114351,294.2025324,2007
147,Tennessee,667.4417672,356.8948549,2007
148,Texas,794.5343173,370.2265829,2007
149,Utah,804.4170723,546.4657974,2007
150,Vermont,808.5910407,353.2876309,2007
151,Virginia,997.1348684,652.0726422,2007
152,Washington,885.885725,215.6438863,2007
153,West Virginia,547.8298661,215.64,2007
154,Wisconsin,708.2268145,412.56,2007
155,Wyoming,694.8084315,358.72,2007
156,Alabama,144.8882671,267.3391663,2008
157,Alaska,268.035603,458.8508614,2008
158,Arizona,234.4480029,420.6199523,2008
159,Arkansas,163.0027747,226.4274307,2008
160,California,466.101452,642.379108,2008
161,Colorado,255.1615497,552.6663813,2008
162,Connecticut,284.3752654,654.1098603,2008
163,Delaware,202.8012149,414.4066997,2008
164,District of Columbia,557.7063915,421.2349083,2008
165,Florida,236.1028787,396.8712982,2008
166,Georgia,216.4938139,414.2821412,2008
167,Hawaii,439.848698,523.7216651,2008
168,Idaho,177.3584062,369.8252087,2008
169,Illinois,233.7065063,489.0426312,2008
170,Indiana,165.430279,350.3242564,2008
171,Iowa,150.9166579,304.3595528,2008
172,Kansas,184.8379295,342.4691756,2008
173,Kentucky,147.5531339,283.1820172,2008
174,Louisiana,177.5981183,253.8938749,2008
175,Maine,149.1281536,284.8245746,2008
176,Maryland,298.0322962,636.5086426,2008
177,Massachusetts,322.2964416,580.8829423,2008
178,Michigan,159.3550367,407.4123917,2008
179,Minnesota,171.6145501,518.6016242,2008
180,Mississippi,145.6928948,232.363676,2008
181,Missouri,171.9624457,336.9607319,2008
182,Montana,176.2346163,275.5119019,2008
183,Nebraska,171.834567,327.1670908,2008
184,Nevada,358.8744761,514.3074548,2008
185,New Hampshire,214.6563957,490.2785333,2008
186,New Jersey,324.9737995,662.8223083,2008
187,New Mexico,171.5630035,305.1349616,2008
188,New York,414.0260916,429.3132824,2008
189,North Carolina,185.3232565,337.397214,2008
190,North Dakota,161.2707736,235.2002257,2008
191,Ohio,185.842652,364.6549617,2008
192,Oklahoma,169.7677144,251.3194736,2008
193,Oregon,261.3662344,417.3573141,2008
194,Pennsylvania,192.9375535,357.2342504,2008
195,Rhode Island,275.6859951,475.9703832,2008
196,South Carolina,155.9068053,305.8840373,2008
197,South Dakota,151.5648587,262.0106611,2008
198,Tennessee,171.6015979,319.8344449,2008
199,Texas,241.3846434,336.3517471,2008
200,Utah,204.743323,471.5010188,2008
201,Vermont,179.0711187,317.8416387,2008
202,Virginia,275.0544517,561.4465076,2008
203,Washington,290.8818769,509.5437223,2008
204,West Virginia,105.019255,195.411091,2008
205,Wisconsin,184.1550959,375.9728821,2008
206,Wyoming,158.8942813,290.1092652,2008
207,Alabama,158.6264852,304.5037753,2009
208,Alaska,282.0192712,520.5838356,2009
209,Arizona,244.7585144,494.7463225,2009
210,Arkansas,166.8395151,263.437412,2009
211,California,477.1523156,739.7076925,2009
212,Colorado,262.3746401,625.2822545,2009
213,Connecticut,291.6699054,767.785571,2009
214,Delaware,202.2199889,530.8453428,2009
215,District of Columbia,565.5273842,570.2816625,2009
216,Florida,241.7718951,443.9856834,2009
217,Georgia,218.9823074,468.7563631,2009
218,Hawaii,486.3954036,668.8037536,2009
219,Idaho,169.3160422,436.9605135,2009
220,Illinois,249.6431719,549.9855317,2009
221,Indiana,177.2122427,371.2012798,2009
222,Iowa,155.573898,360.2688763,2009
223,Kansas,196.4217298,384.0431333,2009
224,Kentucky,159.9736821,308.1291735,2009
225,Louisiana,188.5646901,311.662491,2009
226,Maine,147.3839597,357.0995183,2009
227,Maryland,313.4969261,787.3913781,2009
228,Massachusetts,326.4372083,676.7525664,2009
229,Michigan,164.2444534,408.0410211,2009
230,Minnesota,179.0829768,575.8100936,2009
231,Mississippi,150.7009707,271.2494799,2009
232,Missouri,176.7093607,387.0749217,2009
233,Montana,157.4202774,342.9311064,2009
234,Nebraska,185.4083927,380.0458831,2009
235,Nevada,357.8654403,574.6270227,2009
236,New Hampshire,209.4879293,583.5538514,2009
237,New Jersey,341.0904576,789.5214417,2009
238,New Mexico,175.9047327,358.1940697,2009
239,New York,432.2110608,505.4552459,2009
240,North Carolina,196.4869345,395.3088455,2009
241,North Dakota,171.5661022,270.6862257,2009
242,Ohio,191.7018329,386.9270045,2009
243,Oklahoma,174.1349777,290.7690718,2009
244,Oregon,286.4916541,505.4722224,2009
245,Pennsylvania,197.7537183,414.457554,2009
246,Rhode Island,287.0707594,568.3776151,2009
247,South Carolina,169.7603203,351.6300775,2009
248,South Dakota,152.000266,314.6005961,2009
249,Tennessee,179.0851834,366.6547561,2009
250,Texas,254.7346172,378.5020484,2009
251,Utah,216.4010873,586.6982453,2009
252,Vermont,183.6834235,395.293309,2009
253,Virginia,291.0303401,665.2918921,2009
254,Washington,312.1671981,630.1020006,2009
255,West Virginia,109.4980263,215.3690451,2009
256,Wisconsin,195.6549725,424.5768509,2009
257,Wyoming,161.4479479,413.3370756,2009
258,Alabama,159.0106437,315.9828405,2010
259,Alaska,278.1995701,521.3928647,2010
260,Arizona,251.3256439,457.189114,2010
261,Arkansas,167.898212,260.1960893,2010
262,California,489.9151713,700.6352853,2010
263,Colorado,275.1024129,598.769152,2010
264,Connecticut,299.2277184,750.3279634,2010
265,Delaware,204.271877,517.5653117,2010
266,District of Columbia,625.3523461,560.9916587,2010
267,Florida,240.2663066,419.0815726,2010
268,Georgia,233.2697179,455.9642873,2010
269,Hawaii,468.9709111,640.5647087,2010
270,Idaho,175.6700332,425.268706,2010
271,Illinois,255.906297,541.9607312,2010
272,Indiana,179.5150863,367.7005518,2010
273,Iowa,161.7570918,355.499886,2010
274,Kansas,198.5621841,382.8645105,2010
275,Kentucky,163.4100394,306.4388274,2010
276,Louisiana,195.78735,304.0986348,2010
277,Maine,143.3905599,339.4191912,2010
278,Maryland,335.3119472,771.4990878,2010
279,Massachusetts,348.44265,643.2468894,2010
280,Michigan,172.0843281,388.4608774,2010
281,Minnesota,189.6820055,555.9578595,2010
282,Mississippi,156.0565212,257.7250762,2010
283,Missouri,181.3058673,375.1809499,2010
284,Montana,152.2543881,361.0970671,2010
285,Nebraska,197.6216388,361.6740134,2010
286,Nevada,361.7094037,512.1837167,2010
287,New Hampshire,225.6014901,571.6533311,2010
288,New Jersey,341.5788286,774.8817407,2010
289,New Mexico,187.2267363,360.0198949,2010
290,New York,444.2459883,495.0906914,2010
291,North Carolina,201.4529684,391.9881795,2010
292,North Dakota,165.3189982,277.4166219,2010
293,Ohio,192.5734993,385.5560776,2010
294,Oklahoma,175.8495005,304.8795544,2010
295,Oregon,290.558713,495.7382748,2010
296,Pennsylvania,205.4633641,415.8537191,2010
297,Rhode Island,290.4817033,533.6493129,2010
298,South Carolina,180.9989857,340.149925,2010
299,South Dakota,161.8079916,327.9977804,2010
300,Tennessee,188.2352169,348.8499126,2010
301,Texas,259.4974156,379.7080943,2010
302,Utah,221.0808416,573.6950788,2010
303,Vermont,189.9845521,369.7761374,2010
304,Virginia,303.4202395,653.1901407,2010
305,Washington,316.1669234,604.2088539,2010
306,West Virginia,110.2104809,217.5818992,2010
307,Wisconsin,199.1012761,414.4326779,2010
308,Wyoming,170.2819479,371.3062459,2010
309,Alabama,167.6768998,308.6000543,2011
310,Alaska,310.2149192,504.2238947,2011
311,Arizona,261.4038106,419.3608939,2011
312,Arkansas,174.754012,267.6173174,2011
313,California,502.7113729,675.849338,2011
314,Colorado,303.5619022,577.1680692,2011
315,Connecticut,304.6912108,718.137055,2011
316,Delaware,226.9174946,472.5341318,2011
317,District of Columbia,686.7600466,558.0084508,2011
318,Florida,255.1034948,399.1414449,2011
319,Georgia,249.5847434,424.6477162,2011
320,Hawaii,494.1188519,597.6475645,2011
321,Idaho,189.3226245,393.2691038,2011
322,Illinois,262.3659856,522.0749068,2011
323,Indiana,188.8662078,353.3111159,2011
324,Iowa,165.0807071,358.8325645,2011
325,Kansas,202.0357733,376.1273501,2011
326,Kentucky,161.5183246,305.338446,2011
327,Louisiana,204.5183034,299.8242251,2011
328,Maine,163.882165,337.9313967,2011
329,Maryland,342.8463099,759.8719268,2011
330,Massachusetts,359.662932,634.6896569,2011
331,Michigan,178.124219,367.0099566,2011
332,Minnesota,190.3724648,539.9285724,2011
333,Mississippi,159.2155247,253.9633582,2011
334,Missouri,193.6410298,371.7307627,2011
335,Montana,171.3083693,335.8807849,2011
336,Nebraska,205.9293494,378.5419717,2011
337,Nevada,357.2274881,448.7194187,2011
338,New Hampshire,220.2117332,562.2635964,2011
339,New Jersey,355.7139809,762.7538022,2011
340,New Mexico,192.984602,357.5567516,2011
341,New York,463.9314974,488.0169078,2011
342,North Carolina,209.8262311,384.3510363,2011
343,North Dakota,182.4941755,284.2316011,2011
344,Ohio,204.3933038,374.6972686,2011
345,Oklahoma,187.841879,300.7429033,2011
346,Oregon,311.922706,472.2111808,2011
347,Pennsylvania,216.2465698,412.1123491,2011
348,Rhode Island,309.3867444,521.5409486,2011
349,South Carolina,182.0581281,339.6524385,2011
350,South Dakota,163.7220023,318.6040636,2011
351,Tennessee,199.9205673,345.140296,2011
352,Texas,272.4863899,370.8966136,2011
353,Utah,229.0462772,540.2760579,2011
354,Vermont,182.0046149,387.7978945,2011
355,Virginia,314.0048636,633.3257437,2011
356,Washington,331.9766113,591.410032,2011
357,West Virginia,120.0434329,214.1385837,2011
358,Wisconsin,210.2012653,399.0757991,2011
359,Wyoming,184.9186455,387.103301,2011
360,Alabama,171.3460465,299.021665,2012
361,Alaska,326.9436007,499.589927,2012
362,Arizona,287.3798291,385.469452,2012
363,Arkansas,179.6059862,260.28199,2012
364,California,529.7371983,644.908918,2012
365,Colorado,313.5556207,564.1494,2012
366,Connecticut,315.3496581,706.611334,2012
367,Delaware,236.4190121,486.600291,2012
368,District of Columbia,693.938454,577.073976,2012
369,Florida,270.8223984,377.270773,2012
370,Georgia,258.3589085,416.761609,2012
371,Hawaii,506.6829155,608.501393,2012
372,Idaho,191.9352022,403.425283,2012
373,Illinois,272.7523232,518.050056,2012
374,Indiana,190.5493325,346.341625,2012
375,Iowa,171.7533126,361.88218,2012
376,Kansas,229.7015063,371.722455,2012
377,Kentucky,180.0474852,303.055605,2012
378,Louisiana,209.9764733,309.584155,2012
379,Maine,167.8308876,323.627447,2012
380,Maryland,354.9205092,742.536192,2012
381,Massachusetts,361.4978604,640.158248,2012
382,Michigan,187.5199461,355.668809,2012
383,Minnesota,215.9110989,519.688324,2012
384,Mississippi,161.0698935,251.657639,2012
385,Missouri,200.5917936,358.18088,2012
386,Montana,176.9033612,350.131594,2012
387,Nebraska,213.0006329,383.140049,2012
388,Nevada,379.0419008,414.89519,2012
389,New Hampshire,232.6930916,541.101262,2012
390,New Jersey,366.7229383,758.659336,2012
391,New Mexico,203.760568,351.688879,2012
392,New York,477.4317067,489.153489,2012
393,North Carolina,221.8099248,373.031746,2012
394,North Dakota,218.3622577,292.429377,2012
395,Ohio,212.4490692,360.550862,2012
396,Oklahoma,199.2259577,293.706941,2012
397,Oregon,313.5010992,471.065511,2012
398,Pennsylvania,224.7291075,411.135205,2012
399,Rhode Island,305.9394079,519.767929,2012
400,South Carolina,195.6918825,325.905479,2012
401,South Dakota,179.3182945,322.205856,2012
402,Tennessee,208.778174,341.177416,2012
403,Texas,284.5748839,368.356383,2012
404,Utah,240.7229621,553.867635,2012
405,Vermont,202.6570396,358.439232,2012
406,Virginia,332.2140676,626.408508,2012
407,Washington,342.1274126,575.787106,2012
408,West Virginia,124.6934685,207.153593,2012
409,Wisconsin,214.0056882,392.449472,2012
410,Wyoming,191.4928452,374.848741,2012
411,Alabama,182.1332449,284.5064266,2013
412,Alaska,322.9515186,454.9625427,2013
413,Arizona,290.0252673,366.5987728,2013
414,Arkansas,182.2581252,249.1230424,2013
415,California,546.4063051,616.1841375,2013
416,Colorado,320.1340948,543.644573,2013
417,Connecticut,320.9299422,680.8652485,2013
418,Delaware,223.446559,462.0765749,2013
419,District of Columbia,747.9212377,530.6451357,2013
420,Florida,280.9361498,349.395654,2013
421,Georgia,274.4192253,391.805812,2013
422,Hawaii,548.1145742,608.0660644,2013
423,Idaho,201.0749255,385.5302784,2013
424,Illinois,286.3763918,479.145066,2013
425,Indiana,205.7252253,334.7775096,2013
426,Iowa,184.6645327,334.2731491,2013
427,Kansas,230.0696912,355.8620776,2013
428,Kentucky,184.6779841,294.5406866,2013
429,Louisiana,215.8112264,300.7018178,2013
430,Maine,176.9925035,303.345272,2013
431,Maryland,367.9524249,705.2541855,2013
432,Massachusetts,382.8685753,611.2963459,2013
433,Michigan,193.3332105,333.9157526,2013
434,Minnesota,218.2403939,505.8154912,2013
435,Mississippi,179.6847861,240.1257349,2013
436,Missouri,211.7352629,346.6891699,2013
437,Montana,195.6167422,338.5285538,2013
438,Nebraska,229.5603206,369.2517202,2013
439,Nevada,382.5146697,368.8111339,2013
440,New Hampshire,250.8047708,514.6748624,2013
441,New Jersey,382.2367642,708.1484805,2013
442,New Mexico,201.0323444,332.2128569,2013
443,New York,487.468453,472.7311716,2013
444,North Carolina,235.3830689,355.1643474,2013
445,North Dakota,242.3981456,281.3012411,2013
446,Ohio,217.9257337,349.9501234,2013
447,Oklahoma,206.8498827,295.0031111,2013
448,Oregon,329.5745324,452.2383542,2013
449,Pennsylvania,231.8970766,395.1060367,2013
450,Rhode Island,314.8623527,491.3099957,2013
451,South Carolina,198.0379075,325.8942164,2013
452,South Dakota,182.9779691,295.4978377,2013
453,Tennessee,215.7119104,329.5538406,2013
454,Texas,300.0965705,360.988319,2013
455,Utah,248.5048889,513.2450614,2013
456,Vermont,193.4489066,337.0379643,2013
457,Virginia,354.2236799,593.2328308,2013
458,Washington,358.5160786,551.6868873,2013
459,West Virginia,127.3785694,214.8429222,2013
460,Wisconsin,218.1940329,372.8866721,2013
462,Wyoming,197.6520712,371.7545419,2013
463,Alabama,184.5546659,287.039276,2014
464,Alaska,350.7847821,490.089386,2014
465,Arizona,306.8095803,359.064647,2014
466,Arkansas,185.8925822,244.257908,2014
467,California,568.2118327,612.493043,2014
468,Colorado,340.952581,554.233504,2014
469,Connecticut,338.229201,682.6857,2014
470,Delaware,256.2232992,471.751886,2014
471,District of Columbia,800.5441434,509.050081,2014
472,Florida,298.964025,339.320894,2014
473,Georgia,284.1094121,383.46656,2014
474,Hawaii,560.0863072,591.352227,2014
475,Idaho,206.565792,375.444345,2014
476,Illinois,295.7686038,471.593188,2014
477,Indiana,208.3794425,332.168053,2014
478,Iowa,187.5120217,346.451613,2014
479,Kansas,233.0733572,350.858842,2014
480,Kentucky,193.9807398,288.176628,2014
481,Louisiana,229.5430581,286.316891,2014
482,Maine,156.6094479,333.595665,2014
483,Maryland,379.7272801,697.651969,2014
484,Massachusetts,393.4627599,611.783332,2014
485,Michigan,201.2128992,330.499129,2014
486,Minnesota,221.484295,502.084242,2014
487,Mississippi,178.6048042,242.951301,2014
488,Missouri,217.1654249,343.205386,2014
489,Montana,194.5237765,321.470454,2014
490,Nebraska,232.2345363,365.3202,2014
491,Nevada,395.9241657,357.538497,2014
492,New Hampshire,249.7066297,535.621337,2014
493,New Jersey,401.3928887,704.410894,2014
494,New Mexico,213.079837,319.74872,2014
495,New York,510.5992919,470.128489,2014
496,North Carolina,245.6619103,359.194787,2014
497,North Dakota,259.017054,266.371593,2014
498,Ohio,226.7729711,343.392085,2014
499,Oklahoma,216.4245179,290.113106,2014
500,Oregon,340.9965283,436.193066,2014
501,Pennsylvania,237.6767972,395.878506,2014
502,Rhode Island,340.048702,474.30599,2014
503,South Carolina,209.4273938,311.668911,2014
504,South Dakota,188.3880116,318.677975,2014
505,Tennessee,223.9197712,332.438109,2014
506,Texas,319.940155,360.894153,2014
507,Utah,250.265791,532.554353,2014
508,Vermont,211.3307231,371.800942,2014
509,Virginia,360.2432724,602.367349,2014
510,Washington,373.0466306,547.805813,2014
511,West Virginia,133.8066663,198.3393,2014
512,Wisconsin,232.0401644,378.277216,2014
513,Wyoming,232.5195578,364.654425,2014
514,Alabama,180.651909,490.089386,2015
515,Alaska,341.0697683,359.064647,2015
516,Arizona,303.5999069,244.257908,2015
517,Arkansas,196.9341087,612.493043,2015
518,California,590.7903246,554.233504,2015
519,Colorado,371.5191796,682.6857,2015
520,Connecticut,346.7467942,471.751886,2015
521,Delaware,243.3064372,509.050081,2015
522,District of Columbia,799.9675513,339.320894,2015
523,Florida,317.1172301,383.46656,2015
524,Georgia,301.3798942,591.352227,2015
525,Hawaii,564.8941574,375.444345,2015
526,Idaho,199.979741,471.593188,2015
527,Illinois,311.6701843,332.168053,2015
528,Indiana,214.2910239,346.451613,2015
529,Iowa,194.6823969,350.858842,2015
530,Kansas,237.26163,288.176628,2015
531,Kentucky,202.6947964,286.316891,2015
532,Louisiana,228.8166858,333.595665,2015
533,Maine,164.8054421,697.651969,2015
534,Maryland,389.2279293,611.783332,2015
535,Massachusetts,413.0961749,330.499129,2015
536,Michigan,204.7490691,502.084242,2015
537,Minnesota,239.9688755,242.951301,2015
538,Mississippi,185.7343374,343.205386,2015
539,Missouri,226.7726662,321.470454,2015
540,Montana,206.5469546,365.3202,2015
541,Nebraska,240.4891677,357.538497,2015
542,Nevada,406.1505797,535.621337,2015
543,New Hampshire,252.9513126,704.410894,2015
544,New Jersey,410.0027072,319.74872,2015
545,New Mexico,203.7554862,470.128489,2015
546,New York,517.3181632,359.194787,2015
547,North Carolina,253.5284483,266.371593,2015
548,North Dakota,256.8851825,343.392085,2015
549,Ohio,233.9261188,290.113106,2015
550,Oklahoma,212.083654,436.193066,2015
551,Oregon,343.9374766,395.878506,2015
552,Pennsylvania,247.2822994,474.30599,2015
553,Rhode Island,334.7233842,311.668911,2015
554,South Carolina,215.7545533,318.677975,2015
555,South Dakota,187.892408,332.438109,2015
556,Tennessee,231.5608298,360.894153,2015
557,Texas,333.400863,532.554353,2015
558,Utah,263.8756089,371.800942,2015
559,Vermont,202.8687568,602.367349,2015
560,Virginia,370.2349107,547.805813,2015
561,Washington,383.1538519,198.3393,2015
562,West Virginia,141.5343604,378.277216,2015
563,Wisconsin,232.7429574,364.654425,2015
564,Wyoming,220.2437572,,2015
565,Alabama,185.4858092,293.5104691,2016
566,Alaska,326.4456951,469.4396534,2016
567,Arizona,308.4006283,395.0904146,2016
568,Arkansas,199.6198822,249.1345843,2016
569,California,616.9735092,645.9516027,2016
570,Colorado,375.5601516,589.5266987,2016
571,Connecticut,363.9696694,673.6790771,2016
572,Delaware,260.08167,443.3247042,2016
573,District of Columbia,783.5479578,547.7672066,2016
574,Florida,325.4026415,353.685854,2016
575,Georgia,316.2426919,397.6512666,2016
576,Hawaii,564.2857457,611.2115755,2016
577,Idaho,213.3266831,397.271517,2016
578,Illinois,317.9153522,479.4044288,2016
579,Indiana,216.5811441,340.3205309,2016
580,Iowa,197.1000415,372.3812441,2016
581,Kansas,247.0613079,363.3423893,2016
582,Kentucky,194.5514411,302.0668435,2016
583,Louisiana,233.3773661,298.2764818,2016
584,Maine,159.1740003,333.1037185,2016
585,Maryland,398.371299,716.9577155,2016
586,Massachusetts,420.277724,652.6355635,2016
587,Michigan,212.1022836,344.9399491,2016
588,Minnesota,244.4827246,519.7379716,2016
589,Mississippi,185.5324805,249.0594267,2016
590,Missouri,227.2745395,347.7338305,2016
591,Montana,187.626177,370.272768,2016
592,Nebraska,245.6283241,376.3476513,2016
593,Nevada,405.8507864,395.4767855,2016
594,New Hampshire,254.788265,541.3080699,2016
595,New Jersey,419.349795,725.2281468,2016
596,New Mexico,212.9888344,303.637344,2016
597,New York,525.4944336,475.1568317,2016
598,North Carolina,256.0440578,365.5058966,2016
599,North Dakota,245.6266914,303.8954537,2016
600,Ohio,239.2103383,351.3919681,2016
601,Oklahoma,223.5760741,300.7823543,2016
602,Oregon,367.5413504,485.2814615,2016
603,Pennsylvania,251.2121684,405.0930616,2016
604,Rhode Island,349.981565,464.5705559,2016
605,South Carolina,216.5823092,334.1412652,2016
606,South Dakota,201.5428149,349.8833798,2016
607,Tennessee,247.3873246,336.5708412,2016
608,Texas,340.6084192,388.1707054,2016
609,Utah,264.3406229,542.383282,2016
610,Vermont,209.5659057,385.3831625,2016
611,Virginia,369.643289,610.6398985,2016
612,Washington,410.3870805,587.2577241,2016
613,West Virginia,140.7285967,216.294033,2016
614,Wisconsin,235.7937989,376.5436961,2016
615,Wyoming,213.2635344,372.5773894,2016
616,Alabama,185.6257827,293.5104691,2017
617,Alaska,345.1855487,469.4396534,2017
618,Arizona,309.9469376,395.0904146,2017
619,Arkansas,201.5730967,249.1345843,2017
620,California,632.1757939,645.9516027,2017
621,Colorado,388.813139,589.5266987,2017
622,Connecticut,346.5726839,673.6790771,2017
623,Delaware,243.9699991,443.3247042,2017
624,District of Columbia,806.7950248,547.7672066,2017
625,Florida,328.6360892,353.685854,2017
626,Georgia,312.8268316,397.6512666,2017
627,Hawaii,565.1984953,611.2115755,2017
628,Idaho,212.8361277,397.271517,2017
629,Illinois,309.4841863,479.4044288,2017
630,Indiana,217.4320815,340.3205309,2017
631,Iowa,192.7995219,372.3812441,2017
632,Kansas,250.5269003,363.3423893,2017
633,Kentucky,205.5759262,302.0668435,2017
634,Louisiana,228.8620918,298.2764818,2017
635,Maine,147.7136124,333.1037185,2017
636,Maryland,398.4288645,716.9577155,2017
637,Massachusetts,431.0084354,652.6355635,2017
638,Michigan,209.2851014,344.9399491,2017
639,Minnesota,248.8657647,519.7379716,2017
640,Mississippi,174.9257354,249.0594267,2017
641,Missouri,224.8581555,347.7338305,2017
642,Montana,202.8204926,370.272768,2017
643,Nebraska,249.4919681,376.3476513,2017
644,Nevada,414.9338771,395.4767855,2017
645,New Hampshire,279.3132195,541.3080699,2017
646,New Jersey,419.8195974,725.2281468,2017
647,New Mexico,214.774104,303.637344,2017
648,New York,529.2045535,475.1568317,2017
649,North Carolina,256.3797397,365.5058966,2017
650,North Dakota,238.0099842,303.8954537,2017
651,Ohio,239.9919344,351.3919681,2017
652,Oklahoma,222.2847837,300.7823543,2017
653,Oregon,372.6266783,485.2814615,2017
654,Pennsylvania,252.2146113,405.0930616,2017
655,Rhode Island,320.5576702,464.5705559,2017
656,South Carolina,219.1141574,334.1412652,2017
657,South Dakota,204.7685267,349.8833798,2017
658,Tennessee,250.4816292,336.5708412,2017
659,Texas,341.297847,388.1707054,2017
660,Utah,267.8168141,542.383282,2017
661,Vermont,224.439582,385.3831625,2017
662,Virginia,358.8477692,610.6398985,2017
663,Washington,426.595401,587.2577241,2017
664,West Virginia,136.8194163,216.294033,2017
665,Wisconsin,246.81051,376.5436961,2017
666,Wyoming,195.1918058,372.5773894,2017
667,Alabama,193.4915504,285.4753786,2018
668,Alaska,323.6792607,479.1052231,2018
669,Arizona,320.241238,434.7661598,2018
670,Arkansas,205.1282784,261.5501814,2018
671,California,656.2416451,697.4906053,2018
672,Colorado,403.561524,639.2420986,2018
673,Connecticut,367.7346789,689.1602415,2018
674,Delaware,261.7472843,472.843726,2018
675,District of Columbia,830.8521305,655.6920198,2018
676,Florida,335.345942,385.1928435,2018
677,Georgia,317.9755417,434.0000828,2018
678,Hawaii,578.5873749,609.2511931,2018
679,Idaho,218.2062653,427.6878115,2018
680,Illinois,324.5857052,501.7615405,2018
681,Indiana,230.0202233,357.812859,2018
682,Iowa,197.3511615,384.6327272,2018
683,Kansas,254.2858554,383.3604935,2018
684,Kentucky,206.5247338,306.4777968,2018
685,Louisiana,234.9328772,302.8669528,2018
686,Maine,182.8735333,334.2694323,2018
687,Maryland,401.4270079,748.6942796,2018
688,Massachusetts,461.4929618,673.6499346,2018
689,Michigan,214.5479869,360.0788402,2018
690,Minnesota,259.7982063,538.5944242,2018
691,Mississippi,189.9280363,246.4289665,2018
692,Missouri,234.7955697,365.765498,2018
693,Montana,214.4072164,379.7743851,2018
694,Nebraska,257.1856485,386.8558303,2018
695,Nevada,432.2675199,453.5138285,2018
696,New Hampshire,268.0046292,551.3225999,2018
697,New Jersey,441.3666479,741.8774841,2018
698,New Mexico,226.2361179,317.9513312,2018
699,New York,559.017552,489.2616706,2018
700,North Carolina,269.4475816,382.6928146,2018
701,North Dakota,261.551394,316.1451037,2018
702,Ohio,246.4937555,366.480647,2018
703,Oklahoma,232.8222645,308.5887568,2018
704,Oregon,390.6354775,532.4577326,2018
705,Pennsylvania,264.9862309,422.9977813,2018
706,Rhode Island,331.6995373,522.013113,2018
707,South Carolina,222.2722833,347.4475379,2018
708,South Dakota,205.4968227,334.7512339,2018
709,Tennessee,250.5069168,357.2309956,2018
710,Texas,358.4828823,415.3040925,2018
711,Utah,285.2526302,598.9645733,2018
712,Vermont,213.8797952,377.7885582,2018
713,Virginia,384.7809499,631.3871814,2018
714,Washington,460.018705,651.2196009,2018
715,West Virginia,140.944456,217.9956744,2018
716,Wisconsin,250.2288597,392.2528223,2018
718,Wyoming,202.6925399,404.8540459,2018
719,Alabama,195.9092512,302.4468179,2019
720,Alaska,323.8023116,491.5642814,2019
721,Arizona,330.8888499,448.201294,2019
722,Arkansas,205.3495237,265.8271314,2019
723,California,687.1431568,713.6196179,2019
724,Colorado,418.0514531,705.3150433,2019
725,Connecticut,381.2551596,687.9248452,2019
726,Delaware,273.9520443,516.7299691,2019
727,District of Columbia,864.1886721,694.1324912,2019
728,Florida,345.8712898,404.6191818,2019
729,Georgia,329.5730015,453.6142935,2019
730,Hawaii,561.1712579,685.8890698,2019
731,Idaho,225.1767124,471.0144759,2019
732,Illinois,330.9214719,516.5366372,2019
733,Indiana,229.8370242,369.2961044,2019
734,Iowa,217.1391851,390.7915452,2019
735,Kansas,262.2518949,382.9950933,2019
736,Kentucky,212.4773256,318.6846304,2019
737,Louisiana,223.1867406,311.9775369,2019
738,Maine,177.7048141,357.3130297,2019
739,Maryland,416.0866892,765.3863718,2019
740,Massachusetts,481.0543735,707.279734,2019
741,Michigan,220.9195083,373.2575876,2019
742,Minnesota,265.060972,556.7536293,2019
743,Mississippi,185.8952718,251.6427668,2019
744,Missouri,242.6893564,375.9565415,2019
745,Montana,221.4330843,422.9284838,2019
746,Nebraska,268.4315839,422.0736401,2019
747,Nevada,455.7998329,474.9022409,2019
748,New Hampshire,273.2699121,585.4943469,2019
749,New Jersey,467.2304659,753.8977318,2019
750,New Mexico,220.7554335,340.3348192,2019
751,New York,577.3999391,510.6607752,2019
752,North Carolina,273.402657,399.3519608,2019
753,North Dakota,280.97718,317.3389758,2019
754,Ohio,254.5789689,373.4564772,2019
755,Oklahoma,234.2174551,325.8246971,2019
756,Oregon,402.8495993,562.0560791,2019
757,Pennsylvania,273.1829239,432.0321803,2019
758,Rhode Island,337.6980222,515.8568922,2019
759,South Carolina,224.7035057,375.5386448,2019
760,South Dakota,200.942937,379.072849,2019
761,Tennessee,264.2963674,374.1424108,2019
762,Texas,375.7801153,433.6038957,2019
763,Utah,296.6383163,630.6737036,2019
764,Vermont,221.2919696,385.7966896,2019
765,Virginia,387.5588562,658.7353156,2019
766,Washington,471.9151303,684.1774374,2019
767,West Virginia,134.1486453,230.9150051,2019
768,Wisconsin,257.6614201,400.4862061,2019
769,Wyoming,189.6950739,435.1714173,2019